Date, MeanAvgTemperature, LowestMinTemperature, HighestMaxTemperature, TotalPrecipitation
1893-01,23,-2,48,2.47
1893-02,29.2,6,46,7.75
1893-03,36.5,13,61,5.9
1893-04,44.3,26,60,4.86
1893-05,57,38,79,4.05
1893-06,67.8,50,94,5.59
1893-07,73.1,50,93,3.08
1893-08,73.3,55,91,5.39
1893-09,62.8,47,80,3.01
1893-10,55.5,30,74,1.47
1893-11,44.2,22,66,2.26
1893-12,38.4,4,58,6.54
1894-01,33.7,6,50,5.77
1894-02,33.9,-2,47,3.81
1894-03,42.6,20,61,1.61
1894-04,46.9,25,66,5.05
1894-05,58.5,40,86,3.74
1894-06,68.8,46,96,0.43
1894-07,75.4,56,93,0.62
1894-08,70,51,85,1.48
1894-09,68.4,50,85,2.94
1894-10,56.3,37,75,6.01
1894-11,43.6,13,64,3.91
1894-12,35.8,10,56,5.44
1895-01,31.5,8,52,3.08
1895-02,26.8,-4,44,1.39
1895-03,36.6,20,51,4.23
1895-04,46.9,29,71,1.73
1895-05,58.4,34,92,3.63
1895-06,69.3,51,97,1.05
1895-07,71.7,56,88,2.85
1895-08,73.8,54,88,3.89
1895-09,67.7,43,94,1.19
1895-10,52,28,73,2.77
1895-11,48.8,15,69,4.42
1895-12,39.9,20,64,3.75
1896-01,28.4,-8,48,2.48
1896-02,33.4,-4,52,3.33
1896-03,33.3,13,63,6.08
1896-04,48.2,26,77,0.84
1896-05,60.9,38,88,2.83
1896-06,67.1,50,85,5.96
1896-07,74.5,58,92,4.35
1896-08,73.2,52,97,4.2
1896-09,65.4,40,83,5.38
1896-10,52.6,32,73,6.02
1896-11,51,28,64,3.87
1896-12,35.5,5,56,3
1897-01, M,4, M,2.71
1897-02,33.9,11,50,2.23
1897-03,40.3,16,56,3.01
1897-04,49.6,26,72,5.57
1897-05,59.4,45,72,2.89
1897-06,65.4,51,84,1.97
1897-07, M, M, M,4.44
1897-08, M, M, M,4.37
1897-09,62.2,40,91,1.05
1897-10,52.5,31,81,1.74
1897-11,44.5,13,64,7.36
1897-12,37.6,10,53,3.52
1898-01,30.7,5,52,4.82
1898-02,32.4,2,54,4.27
1898-03,39.7,24,60,3.74
1898-04, M, M, M,5.78
1898-05,54,36,75,6.41
1898-06,62,45,84,1.22
1898-07,70,56,88,3.85
1898-08,71.9,55,85,4.46
1898-09,64.4,45,88,0.84
1898-10, M, M, M,6.62
1898-11, M, M, M,8.41
1898-12, M, M, M,2.59
1899-01,28.9,0,48,3.66
1899-02, M, M, M,5.87
1899-03,34.8,18,52,8.33
1899-04,45.1,26,67,1.55
1899-05,55.1,38,76,0.91
1899-06,67.1,52,94,5.1
1899-07,70.1,53,82,3.52
1899-08,68,49,82,1.88
1899-09,61.1,42,78,2.58
1899-10,53.9,35,70,2.39
1899-11,41,24,65,1.22
1899-12,35.2,4,55,1.27
1900-01,31.3,10,54,5.55
1900-02,27.6,-2,50,4.74
1900-03,32.9,10,53,3.01
1900-04,44.9,27,63,3.43
1900-05,53.5,32,81,2.76
1900-06,64.4,49,87,1.12
1900-07,71.8,55,94,1.22
1900-08,70.3,53,95,1.36
1900-09,63.9,45,86,3.47
1900-10,55.5,31,74,4.31
1900-11,47.1,20,63,5.1
1900-12,33.6,11,51,2.58
1901-01,29.7,-4,49,3.14
1901-02,23.4,10,39,1.2
1901-03,36.9,12,54,5.27
1901-04,43.5,34,65,5.4
1901-05,52.6,39,76,9.64
1901-06,63.7,45,85,1.16
1901-07,71.2,54,90,3.4
1901-08,69.5,55,84,2.18
1901-09,65.5,42,84,4.28
1901-10,51.9,32,69,0.86
1901-11,37.7,11,62,1.85
1901-12,36,12,52,8.47
1902-01,27.9,8,46,2.1
1902-02,29.5,12,48,4.17
1902-03,40.6,26,60,6.61
1902-04,46.2,29,67,2.68
1902-05,53.8,36,68,1.13
1902-06,62.4,47,77,5.11
1902-07, M, M, M,1.98
1902-08,67.1,50,83,0.54
1902-09,63,46,79,3.04
1902-10,53.5,31,70,5.89
1902-11,47.9,24,63,2.68
1902-12,32.2,-8,50,6.51
1903-01,31.5,0,47,4.18
1903-02,31.1,4,50,4.48
1903-03,41.7,20,56,7.25
1903-04,46.1,27,76,3.72
1903-05,55.8,36,83,0.96
1903-06,59.5,46,84,3.25
1903-07,69.1,49,90,2.28
1903-08,64.5,50,81,4.1
1903-09,62.2,40,82,1.85
1903-10,52.8,30,79,5.77
1903-11,39.2,19,64,6.11
1903-12,28.1,1,50,3.17
1904-01,24.3,-2,44,5.12
1904-02,24.1,1,43,3.43
1904-03,34.9,17,52,2.46
1904-04,43.4,23,60,6.25
1904-05, M, M, M, M
1904-06,61.3,41,85,5.03
1904-07,69.7,52,87,4.78
1904-08,66.7,50,82,4.19
1904-09,60.7,32,78,1.44
1904-10,50.3,30,65,2.23
1904-11,38.1,15,55,2.42
1904-12,27.1,8,45,4.33
1905-01,26.5,2,50,4.42
1905-02,23.7,3,42,2.01
1905-03,36,14,68,3.26
1905-04,43.9,27,64,1.33
1905-05,54.4,35,74,1.75
1905-06,61.8,42,77,5.78
1905-07,70.6,56,91,1.94
1905-08,67.1,51,81,4.14
1905-09,61,41,73,5.63
1905-10,51.9,30,77,1.87
1905-11,41,18,59,3.18
1905-12,36.7,18,52,4
1906-01,33.9,6,50,4.8
1906-02,32.4,2,49,4.08
1906-03,33.2,8,52,8.45
1906-04,45,27,63,2.28
1906-05,55,37,80,4.47
1906-06,64.7,47,83,2.2
1906-07,68.8,51,84,6.07
1906-08,71.1,55,84,1.07
1906-09,63.9,44,86,2.91
1906-10,53.4,33,70,1.69
1906-11,41.6,22,62,1.78
1906-12,33.8,1,49,3.98
1907-01,30.5,-2,59,4.07
1907-02,23.1,-1,40,2.96
1907-03,36.5,16,69,2.66
1907-04,41.6,23,59,2.37
1907-05,49.4,30,69,5.13
1907-06,59.9,42,83,1.68
1907-07,70.1,56,88,0.62
1907-08,67.2,49,84,1.61
1907-09,63.8,44,80,4.96
1907-10,48.2,28,64,1.92
1907-11,42.9,25,57,5.88
1907-12,35,21,52,5.19
1908-01,30.8,5,53,3.82
1908-02,25.3,3,44,3.03
1908-03,37.6,15,56,3.3
1908-04,44.3,20,66,2.04
1908-05,55.9,40,76,2.87
1908-06,65.1,47,84,1.71
1908-07,72,50,93,3.43
1908-08,67.2,48,84,4.82
1908-09,62.9,47,76,1.2
1908-10,55,31,78,8.86
1908-11,43.5,24,60,2.02
1908-12,34.2,15,57,4.56
1909-01,34.1,16,53,5.12
1909-02,33.9,10,55,5.56
1909-03,35.9,20,54,3.81
1909-04,45.2,24,63,4.35
1909-05,54,42,73,2.57
1909-06,64.5,47,88,1.31
1909-07,69.2,52,91,0.55
1909-08,67,45,90,2.26
1909-09,62,45,77,4.61
1909-10,50.4,31,74,3.61
1909-11,45.7,27,70,6.76
1909-12,30.7,5,47,2.66
1910-01,32.2,7,48,6.78
1910-02,29.5,0,47,4.23
1910-03,39.4,16,73,2.45
1910-04,48.1,31,63,2.92
1910-05,53.6,35,69,3.79
1910-06,63,48,87,2.56
1910-07,71.5,56,90,1.87
1910-08,67.2,45,79,3.17
1910-09,61.1,42,79,1.82
1910-10,54.2,30,73,2.92
1910-11,40.9,26,58,3.86
1910-12,27.9,4,46,3.54
1911-01,31.8,8,47,3.46
1911-02,28.3,11,49,3.16
1911-03,33.5,16,50,3.22
1911-04,42.3,22,73,4.99
1911-05,56.3,33,77,0.76
1911-06,63.5,50,79,6.7
1911-07,72.4,57,92,3.72
1911-08,67.5,54,84,7.12
1911-09,61.1,43,76,3.25
1911-10,51.4,28,66,2.47
1911-11,42.1,23,59,5.72
1911-12,36.5,22,55,2.77
1912-01,22.1,-2,45,4.44
1912-02,27.6,0,47,3.14
1912-03,34.9,13,59,6.16
1912-04,45.4,26,62,3.31
1912-05,55.1,38,72,5.44
1912-06,63.7,44,87,0.46
1912-07,69.6,51,90,3.24
1912-08,67.4,48,83,5.45
1912-09,61,40,80,2.5
1912-10,54.7,36,72,1.16
1912-11,45.6,23,66,3.13
1912-12, M, M, M, M
1913-01,39.3,15,54,5.49
1913-02,27.1,3,52,4
1913-03,40,8,59,2.89
1913-04,46,29,63,5.46
1913-05,52.8,35,73,2.12
1913-06,63.4,43,86,0.87
1913-07,71,54,92,0.92
1913-08,68.2,52,86,6.91
1913-09,60.1,41,78,3.07
1913-10,56.7,35,69,8.05
1913-11,45.3,26,66,1.78
1913-12,38.2,18,54,3.38
1914-01,30.4,-5,52,2.46
1914-02,26,-10,56,4.04
1914-03,34.8,14,51,4.51
1914-04,42.7,28,61,4.11
1914-05,56.1,37,93,4.79
1914-06,63.3,47,85,1.52
1914-07,66.9,53,84,4.85
1914-08,68.7,53,84,3.7
1914-09,63.6,43,85,1
1914-10,55.7,28,72,2.35
1914-11,44.4,18,68,2.43
1914-12,32.6,8,57,5.46
1915-01,34.5,13,53,9.15
1915-02,33.8,18,49,4.34
1915-03, M, M, M, M
1915-04, M, M, M, M
1915-05, M, M, M, M
1915-06, M, M, M, M
1915-07, M, M, M, M
1915-08, M, M, M, M
1915-09, M, M, M, M
1915-10, M, M, M, M
1915-11, M, M, M, M
1915-12, M, M, M, M
1916-01, M, M, M, M
1916-02, M, M, M, M
1916-03, M, M, M, M
1916-04, M, M, M, M
1916-05, M, M, M,2.7
1916-06, M, M, M,8.1
1916-07, M, M, M,5.16
1916-08, M, M, M,0.66
1916-09, M, M, M,3.63
1916-10, M, M, M,1.82
1916-11, M, M, M,1.32
1916-12, M, M, M,4.37
1917-01, M, M, M,2.73
1917-02, M, M, M,3.53
1917-03, M, M, M,5.98
1917-04, M, M, M,4.47
1917-05, M, M, M,4.2
1917-06, M, M, M,6.67
1917-07, M, M, M,2.84
1917-08, M, M, M,2.46
1917-09, M, M, M,3.1
1917-10, M, M, M,4.78
1917-11, M, M, M,0.57
1917-12, M, M, M,2.35
1918-01, M, M, M,3.38
1918-02, M, M, M,2.41
1918-03, M, M, M,2.99
1918-04, M, M, M,3.54
1918-05, M, M, M,1.1
1918-06, M, M, M,3.8
1918-07, M, M, M,2.08
1918-08, M, M, M,1.71
1918-09, M, M, M,1.93
1918-10, M, M, M,1.24
1918-11, M, M, M,1.67
1918-12, M, M, M,3.95
1919-01, M, M, M,5.79
1919-02, M, M, M,3.59
1919-03, M, M, M,4.3
1919-04, M, M, M,2.82
1919-05, M, M, M,3.66
1919-06, M, M, M,2.68
1919-07, M, M, M,7.44
1919-08, M, M, M,6.83
1919-09, M, M, M,6.79
1919-10, M, M, M,3.23
1919-11, M, M, M,4.28
1919-12, M, M, M,3.1
1920-01, M, M, M,3.68
1920-02, M, M, M,7.77
1920-03, M, M, M,6.05
1920-04, M, M, M,4.88
1920-05, M, M, M,4.58
1920-06, M, M, M,5.45
1920-07, M, M, M,1.93
1920-08, M, M, M,2.67
1920-09, M, M, M,2.27
1920-10, M, M, M,3.22
1920-11, M, M, M,4.1
1920-12, M, M, M,3.88
1921-01, M, M, M,2.33
1921-02, M, M, M,3.08
1921-03, M, M, M,3.9
1921-04, M, M, M,4.01
1921-05, M, M, M,6.46
1921-06, M, M, M,1.79
1921-07, M, M, M,8.79
1921-08, M, M, M,3.23
1921-09, M, M, M,2.06
1921-10, M, M, M,2.67
1921-11, M, M, M,7.86
1921-12, M, M, M,2.26
1922-01, M, M, M,2.42
1922-02, M, M, M,4.3
1922-03, M, M, M,5.58
1922-04, M, M, M,2.7
1922-05, M, M, M,4.64
1922-06, M, M, M,2.19
1922-07, M, M, M,4.73
1922-08, M, M, M,4.87
1922-09, M, M, M,0.9
1922-10, M, M, M,2.5
1922-11, M, M, M,1.47
1922-12, M, M, M,4.04
1923-01, M, M, M,3.88
1923-02, M, M, M,0.76
1923-03, M, M, M,5.74
1923-04, M, M, M,5.11
1923-05, M, M, M,0.78
1923-06, M, M, M,2.81
1923-07, M, M, M,2.83
1923-08, M, M, M, M
1923-09, M, M, M,2.42
1923-10, M, M, M,2.99
1923-11, M, M, M,2.66
1923-12, M, M, M,4.43
1924-01, M, M, M,4.28
1924-02, M, M, M,3.1
1924-03, M, M, M,4.55
1924-04, M, M, M,4.54
1924-05, M, M, M,3.51
1924-06, M, M, M,2.63
1924-07, M, M, M,1.23
1924-08, M, M, M,7.12
1924-09, M, M, M,3.06
1924-10, M, M, M,0.26
1924-11, M, M, M,2.48
1924-12, M, M, M,2.32
1925-01, M, M, M,3.44
1925-02, M, M, M,1.42
1925-03, M, M, M,2.82
1925-04, M, M, M,2.7
1925-05, M, M, M,2.27
1925-06, M, M, M,2.65
1925-07, M, M, M,1.13
1925-08, M, M, M,3
1925-09, M, M, M,2.74
1925-10, M, M, M,3.85
1925-11, M, M, M,3.2
1925-12, M, M, M,2.75
1926-01, M, M, M,2.58
1926-02, M, M, M,3.91
1926-03, M, M, M,2.35
1926-04, M, M, M,2.63
1926-05, M, M, M,5.15
1926-06, M, M, M,3.25
1926-07, M, M, M,2.71
1926-08, M, M, M,3.4
1926-09, M, M, M,1.2
1926-10, M, M, M, M
1926-11, M, M, M, M
1926-12, M, M, M, M
1927-01, M, M, M, M
1927-02, M, M, M, M
1927-03, M, M, M, M
1927-04, M, M, M,1.06
1927-05, M, M, M,2.36
1927-06, M, M, M,2.89
1927-07, M, M, M,4.87
1927-08, M, M, M,5.72
1927-09, M, M, M,3.96
1927-10, M, M, M, M
1927-11, M, M, M, M
1927-12, M, M, M, M
1928-01, M, M, M, M
1928-02, M, M, M, M
1928-03, M, M, M, M
1928-04, M, M, M,3.21
1928-05, M, M, M,3.43
1928-06, M, M, M,4.65
1928-07, M, M, M,4.41
1928-08, M, M, M,0.38
1928-09, M, M, M,6.12
1928-10, M, M, M, M
1928-11, M, M, M, M
1928-12, M, M, M, M
1929-01, M, M, M, M
1929-02, M, M, M, M
1929-03, M, M, M, M
1929-04, M, M, M,7.45
1929-05, M, M, M,2.87
1929-06, M, M, M,0.01
1929-07, M, M, M,1.01
1929-08, M, M, M,7.13
1929-09, M, M, M,6.13
1929-10, M, M, M, M
1929-11, M, M, M, M
1929-12, M, M, M, M
1930-01, M, M, M, M
1930-02, M, M, M, M
1930-03, M, M, M, M
1930-04,44.1,26,66,0.71
1930-05,56.3,41,86,2.33
1930-06,66.3,40,86,1.24
1930-07,70.7,58,86,1.26
1930-08,68.4,51,89,1.41
1930-09,68.1,41,86,0.22
1930-10, M, M, M, M
1930-11, M, M, M, M
1930-12, M, M, M, M
1931-01,31.2,6,53,4.13
1931-02,31,4,47,3.56
1931-03,37.3,22,51,6.82
1931-04,47,33,70,3.16
1931-05,56.2,33,89,4.35
1931-06,63.3,51,90,7.4
1931-07,71.2,56,89,4.16
1931-08,72.3,56,90,2.49
1931-09,66.6,49,91,1.85
1931-10,56.6,33,79,5.23
1931-11,48.4,24,67,0.85
1931-12,37.3,15,55,3.52
1932-01,38.9,20,65,6.4
1932-02,31.1,11,52,3.65
1932-03,34.7,11,56,4.86
1932-04,44.6,28,70,1.88
1932-05,54.3,35,72,1.36
1932-06,63.6,44,85,2.14
1932-07,69.6,55,88,1.86
1932-08,71.1,55,83,3.08
1932-09,62.6,42,83,5.28
1932-10,55.6,33,72,5.24
1932-11,44.6,20,62,3.48
1932-12,38,6,58,2.97
1933-01,38,16,60,3.68
1933-02,33.4,7,51,4.17
1933-03,36.1,12,52,6.88
1933-04,45.5,28,67,6.96
1933-05,56,36,81,2.48
1933-06,64.3,47,84,2.68
1933-07, M, M, M, M
1933-08,70.4,52,87,3.94
1933-09,64.6,47,81,13.22
1933-10,52.6,27,71,6.9
1933-11,38,14,65,2.47
1933-12,29.4,-9,52,4.32
1934-01,30.4,-1,49,3.37
1934-02,20.4,-12,43,3.6
1934-03,33.6,9,53,1.96
1934-04,44.8,27,67,3.32
1934-05,55.9,37,79,1.45
1934-06,64.8,49,85,3.94
1934-07,71,50,91,1.25
1934-08,67.5,47,83,2.61
1934-09,64.8,49,79,1.58
1934-10,50,30,67,4.76
1934-11,45.5,26,66,3.01
1934-12,30.9,4,57,3.62
1935-01,26.8,-4,51,5.02
1935-02,29.1,7,48,3.39
1935-03,37.8,14,55,2.13
1935-04,43.7,26,75,2.34
1935-05,52.3,36,76,1.73
1935-06,62.6,47,77,6.17
1935-07,70.6,52,85,5.57
1935-08,70.1,50,86,1.35
1935-09,62.1,42,80,5.98
1935-10,54,33,72,2.75
1935-11,47.8,30,66,4.4
1935-12,30.3,4,50,1.37
1936-01,29.5,5,50,6.02
1936-02,25.8,4,49,2.52
1936-03,41.7,17,63,5.47
1936-04,43.9,29,66,2.43
1936-05,55.2,38,79,1.29
1936-06,63.1,48,79,3.71
1936-07,67.9,54,85,1.23
1936-08,68.1,52,87,6.27
1936-09,61.3,43,81,7.14
1936-10,53.4,24,73,3.42
1936-11,39.3,13,65,2.06
1936-12,37.5,11,59,7.02
1937-01,38.2,15,54,4.33
1937-02,34.1,13,52,1.8
1937-03,34.3,15,50,3.5
1937-04,43,23,60,4.5
1937-05,55.1,36,75,2
1937-06,62.8,48,77,3.5
1937-07,70,51,94,1.21
1937-08,72.3,55,86,5.3
1937-09,62.1,43,83,4.13
1937-10,51,31,70,4.49
1937-11,43.7,25,60,3.57
1937-12,33.1,14,53,3.06
1938-01,28.4,8,51,2.85
1938-02,32.3,11,52,3.12
1938-03,37.5,5,65,2.79
1938-04,45.6,22,67,4
1938-05,52.9,37,66,3.93
1938-06,63,47,80,5.51
1938-07,69.8,52,82,2.43
1938-08,71,52,88,0.89
1938-09,61.9,45,75,7.78
1938-10,55.1,39,75,3.94
1938-11,46.9,17,70,4.76
1938-12,35.3,14,54,4.03
1939-01,30.6,6,50,3.9
1939-02,33.6,8,54,4.46
1939-03,34.6,17,62,7.54
1939-04,42.8,24,59,3.59
1939-05,52.5,34,79,1.25
1939-06,62.9,43,83,2.95
1939-07,68.4,53,82,1.47
1939-08,72,61,86,2.47
1939-09,62.2,42,77,3.37
1939-10,53.9,29,75,4.46
1939-11,40.8,21,63,1.75
1939-12,34.2,5,54,1.96
1940-01,23.5,3,47,2.03
1940-02,30.9,13,47,6.51
1940-03,33.4,15,61,3.46
1940-04,41.6,26,59,6.86
1940-05,54.6,40,79,3.71
1940-06,62.5,47,81,2.5
1940-07,69,52,88,4.48
1940-08,66.6,45,81,0.39
1940-09,62.3,39,78,5.18
1940-10,49.9,27,68,2.66
1940-11,43.7,20,62,5.19
1940-12,36.4,7,59,4.05
1941-01,28.6,5,50,4.91
1941-02,30.1,12,47,1.4
1941-03,33.8,17,49,3.57
1941-04,47.4,28,76,3.48
1941-05,55.4,37,82,1.7
1941-06,63.4,45,86,7.68
1941-07,68.3,55,83,4.33
1941-08,67.2,51,86,5.38
1941-09,63.8,38,81,0.06
1941-10,54.7,34,80,2.5
1941-11,46.7,25,67,1.7
1941-12,36.4,9,61,2.47
1942-01,28.3,-4,51,2.99
1942-02,27.9,8,48,3.29
1942-03,38.7,27,56,8.29
1942-04,45.8,32,80,0.55
1942-05,57.3,40,80,1.72
1942-06,64.3,48,80,2.65
1942-07,69,56,84,1.67
1942-08,68.5,49,85,8.6
1942-09,63.5,36,84,3.72
1942-10,54.5,33,70,4.89
1942-11,43.9,20,65,4.07
1942-12,29.1,-9,54,3.83
1943-01,28.1,5,47,4.06
1943-02,29.6,-11,53,2.03
1943-03,35.3,6,56,3.49
1943-04,41.1,22,65,3.01
1943-05,53.9,32,73,4.45
1943-06,67.5,49,91,1.51
1943-07,71.1,52,85,5.7
1943-08,68.7,52,86,4.79
1943-09,61.8,42,78,3.1
1943-10,52.7,37,68,1.29
1943-11,43.6,23,60,2.76
1943-12,29.6,2,54,1.23
1944-01,31,8,51,3.29
1944-02,30.1,4,48,2.26
1944-03,34.6,16,60,5.44
1944-04,42.6,24,67,5.35
1944-05,57.8,37,83,0.65
1944-06,63.9,43,83,3.47
1944-07,71.1,53,85,0.53
1944-08,71.5,50,90,0.43
1944-09, M, M, M, M
1944-10, M, M, M, M
1944-11,46.6,26,70,9.12
1944-12,33.7,7,52,2.94
1945-01, M, M, M, M
1945-02, M, M, M, M
1945-03, M, M, M, M
1945-04, M, M, M, M
1945-05, M, M, M, M
1945-06, M, M, M, M
1945-07, M, M, M, M
1945-08, M, M, M, M
1945-09, M, M, M, M
1945-10, M, M, M, M
1945-11, M, M, M, M
1945-12, M, M, M, M
1946-01, M, M, M, M
1946-02, M, M, M, M
1946-03, M, M, M, M
1946-04, M, M, M, M
1946-05,54.6,30,76,5.62
1946-06,63.8,42,83,2.94
1946-07,69.2,50,86,2.03
1946-08,67.4,50,83,14.06
1946-09,65,45,87,1.98
1946-10,57,35,83,0.37
1946-11,48.1,24,68,0.75
1946-12,36.4,5,65,4.04
1947-01,34.6,9,59,3.7
1947-02,30.9,10,51,2.13
1947-03,36.9,18,52,1.93
1947-04,44.7,25,62,5.56
1947-05,55.2,32,79,4.84
1947-06,61.6,39,83,3.74
1947-07,73.7,55,87,2.8
1947-08,72.3,52,89,0.29
1947-09,65.9,35,86,2.32
1947-10,59.6,30,80,1.15
1947-11,42.1,19,66,3.03
1947-12,32.1,12,57,3.8
1948-01, M, M, M, M
1948-02, M, M, M, M
1948-03, M, M, M, M
1948-04,45.9,25,62,4.32
1948-05,53.7,33,76,8.06
1948-06,61.3,47,86,2.69
1948-07,71.8,52,89,1.37
1948-08,72.8,54,100,0.81
1948-09,65.1,40,85,1.22
1948-10,53.5,29,78,7.94
1948-11,49.1,29,68,5.17
1948-12,36.7,5,58,2.45
1949-01,36,14,53,4.08
1949-02,35.4,8,56,4.35
1949-03,38.3,13,72,3.54
1949-04,48.6,31,70,5.06
1949-05,56.2,39,76,4.3
1949-06,68.8,42,94,0
1949-07,75.1,53,94,1.85
1949-08,72.5,50,99,2.56
1949-09,64,43,82,3.4
1949-10,57.4,36,83,2.09
1949-11,44.3,17,67,4.14
1949-12,37.8,11,56,3.51
1950-01,37,6,59,3.15
1950-02,30.6,-1,48,4.17
1950-03,33.7,2,55,4.05
1950-04,43.8,26,67,2.96
1950-05,53.3,34,72,1.47
1950-06,64.6,46,85,2.52
1950-07,70.9,53,91,1.6
1950-08,69.5,51,85,2.57
1950-09,61.2,36,83,3.92
1950-10,55.8,29,82,1.2
1950-11,47.7,24,70,6.18
1950-12,35.9,3,57,5.09
1951-01,34.5,11,55,3.03
1951-02,34.3,8,60,4.06
1951-03,38.9,20,60,3.69
1951-04,48.9,33,70,1.99
1951-05,56.5,35,81,4.7
1951-06,63.9,46,89,0.67
1951-07,72.9,55,88,0.97
1951-08,69.3,50,83,1
1951-09,66.2,38,82,1.2
1951-10,55.9,32,74,2.95
1951-11,44.1,19,65,5.33
1951-12,36.6,7,60,4.6
1952-01,33.3,5,54,4.5
1952-02,33.6,13,55,5.93
1952-03,37,16,57,3.1
1952-04,49.1,28,81,2.16
1952-05,56,34,76,3.03
1952-06,67.1,52,84,1
1952-07,78.3,62,93,0.4
1952-08,71.5,50,87,5.81
1952-09,65.8,42,88,3.89
1952-10,54.5,29,75,1.35
1952-11,45.6,24,70,1.75
1952-12,37.2,9,60,3.98
1953-01,36,16,55,6.98
1953-02,35.9,10,52,5.17
1953-03,38.9,11,61,5.77
1953-04,46.7,32,65,5.47
1953-05,55.9,35,82,2.72
1953-06,65.2,41,88,0.08
1953-07,69.5,48,90,4.9
1953-08,66.9,42,94,4.52
1953-09,63.2,31,95,4.39
1953-10,52.6,25,75,5.32
1953-11,45.6,23,69,6.27
1953-12,38.7,9,60,5.11
1954-01,28.6,-4,53,3.47
1954-02,35.4,0,62,2.83
1954-03,37.1,15,64,3.29
1954-04,46,9,72,4.11
1954-05,53.9,28,81,4.74
1954-06,64,40,84,4.53
1954-07,68.3,46,89,2.3
1954-08,66.3,42,86,6.65
1954-09,60.3,37,80,5.93
1954-10,57.1,27,81,1.86
1954-11,44.1,17,63,5.57
1954-12,35,11,55,6.22
1955-01,28.4,1,48,1.06
1955-02,31.5,3,51,2.1
1955-03,36.8,12,58,4.42
1955-04,46.1,27,75,6.16
1955-05,56.6,30,79,1.56
1955-06,63.5,40,88,2.2
1955-07,73.5,49,97,1.86
1955-08,72.1,45,91,9.7
1955-09,61.8,35,80,3.03
1955-10,54.2,26,79,4.88
1955-11,41.5,19,64,5.02
1955-12,25.7,-4,48,1.44
1956-01,30.9,10,46,5.35
1956-02,32.8,8,50,5.14
1956-03,33.1,2,51,7.11
1956-04,43.1,23,68,2.46
1956-05,51.5,27,79,3.24
1956-06,64.5,40,90,2.12
1956-07,68.4,49,90,5.4
1956-08,69,45,88,3.35
1956-09,60.2,33,81,2.23
1956-10,51.5,24,75,2.43
1956-11,45.2,20,73,2.78
1956-12,38.3,3,62,3.7
1957-01,25,-2,52,2.44
1957-02,33.6,5,60,1.77
1957-03,37.4,17,61,3.04
1957-04,47.6,16,80,2.91
1957-05,56.5,25,84,2.31
1957-06,69,31,88,0.06
1957-07,69.8,43,94,1.71
1957-08,66.7,39,90,6.89
1957-09,63,26,82,1.8
1957-10,52.4,27,69,2.96
1957-11,46.2,17,64,4.06
1957-12,39.1,15,57,4.34
1958-01,33,4,55,7.01
1958-02,25.6,-1,47,3.45
1958-03,37.6,20,55,3.64
1958-04,45.7,22,68,9.11
1958-05,53.4,30,76,5.43
1958-06,61.3,41,82,2.59
1958-07,70.8,47,89,2.36
1958-08,69.3,44,84,7.63
1958-09,61.7,32,81,6.18
1958-10,51.2,25,71,3.55
1958-11,45.1,12,64,4.1
1958-12,25.9,-3,52,0.79
1959-01,28.9,0,52,2.13
1959-02,27.4,1,47,5.07
1959-03,36,12,59,5.63
1959-04,46,18,71,2.97
1959-05,58.1,32,86,2.44
1959-06,64.1,45,92,4.63
1959-07,71.4,48,88,4.74
1959-08,70.9,42,89,2.28
1959-09,65.8,34,88,0.28
1959-10,54.1,23,79,6.16
1959-11,43.9,16,66,5.53
1959-12,36,5,55,3.68
1960-01,30.7,9,53,3.7
1960-02,34.7,14,52,5.19
1960-03,32.2,8,54,2.25
1960-04,45.6,22,76,3.91
1960-05,56.8,27,75,3.52
1960-06,65.1,40,86,3.33
1960-07,70.1,49,86,4.17
1960-08,69.5,45,86,0.69
1960-09,61.9,32,84,2.98
1960-10,52,21,78,1.42
1960-11,45.4,18,62,3.44
1960-12,28,4,54,5.21
1961-01,26.7,-8,52,2.67
1961-02,29.1,-6,52,3.28
1961-03,36.2,13,58,3.05
1961-04,43.3,23,73,5.06
1961-05,53.9,24,78,6.16
1961-06,65.8,44,90,1.26
1961-07,69.3,44,88,2.91
1961-08,70.2,42,84,4.11
1961-09,67.4,34,89,3.47
1961-10,55.2,32,75,8.25
1961-11,44.8,18,71,3.4
1961-12,33.8,4,54,2.7
1962-01,29.7,0,56,5.04
1962-02,29.2,4,52,3.72
1962-03,37.2,8,62,0.94
1962-04,48.2,27,75,5.85
1962-05,52.9,26,82,1.42
1962-06,64.8,39,86,4.93
1962-07,67.4,43,84,1.85
1962-08,66.7,39,85,2.54
1962-09,60.1,29,82,4.15
1962-10,51.9,21,72,7.05
1962-11,40.7,21,58,6.16
1962-12,30.1,-7,57,2.52
1963-01,29.4,1,53,1.78
1963-02,27,2,46,3.99
1963-03,38.4,20,66,5.13
1963-04,45.4,20,75,1.45
1963-05,56.2,32,77,5.68
1963-06,65.4,39,93,1.66
1963-07,71.3,43,92,2.32
1963-08,67.9,40,84,1.9
1963-09,59.4,29,78,5.17
1963-10,56.1,26,80,2.8
1963-11,46.5,22,63,4.34
1963-12,27.4,-3,52,2.63
1964-01,31,-2,49,2.36
1964-02,29.4,2,48,3.99
1964-03,36.2,12,58,2.07
1964-04,44.3,12,85,6.3
1964-05,57.4,25,91,0.62
1964-06,64.1,33,86,0.73
1964-07,70.8,55,95,2.27
1964-08,65.4,38,82,3.01
1964-09,61.2,33,85,3.64
1964-10,51.6,23,75,4.87
1964-11,43.7,20,66,2.21
1964-12,36.7,18,54,5.05
1965-01,27.4,-2,52,3.13
1965-02,28.9,3,48,2.18
1965-03,35,15,54,1.43
1965-04,42.1,20,67,2.9
1965-05,56.5,31,85,1.94
1965-06,64.7,37,89,1.74
1965-07,69,42,87,1.24
1965-08,70,34,86,3.29
1965-09,60.5,28,79,2.41
1965-10,51.3,20,75,2.01
1965-11,41.7,16,66,3.4
1965-12,34.1,9,55,1.84
1966-01,29.6,5,58,3.08
1966-02,30.1,-2,55,2.18
1966-03,37.6,10,53,2.15
1966-04,41.8,22,64,1.23
1966-05,53.2,26,78,7.35
1966-06,65.4,37,85,2.36
1966-07,70.6,48,89,1.48
1966-08,69.5,45,87,3.07
1966-09,59.7,30,84,5.44
1966-10,51.1,9,70,1.97
1966-11,45.1,17,68,5.62
1966-12,34.3,9,60,2.98
1967-01,33.9,9,64,2.43
1967-02,29.2,-3,54,2.91
1967-03,32.7,-3,61,4.44
1967-04,42.8,18,77,4.91
1967-05,49.7,24,68,9.12
1967-06, M, M, M, M
1967-07,71,46,85,4.03
1967-08,68.9,49,82,8.64
1967-09,60.9,36,79,1.84
1967-10,53.4,28,78,1.71
1967-11,39.6,7,68,4.93
1967-12,35.7,8,57,4.83
1968-01,29.7,-6,49,1.96
1968-02,24.6,-4,50,1.04
1968-03,38.3,6,60,6.24
1968-04, M, M, M, M
1968-05,53.6,28,72,3.76
1968-06, M, M, M, M
1968-07, M, M, M, M
1968-08,68.4,42,85,1.54
1968-09,62.4,36,79,1.15
1968-10,56.4,35,80,2.23
1968-11,43.5,18,65,5.56
1968-12,31.4,-2,60,5.57
1969-01,30.2,6,50,2.02
1969-02,31.4,8,47,9.13
1969-03,36.4,16,53,3.93
1969-04,46.6,20,67,5.21
1969-05,53.7,28,74,1.33
1969-06,64.1,40,84,1.49
1969-07,69.5,47,90,2.64
1969-08,70.9,39,90,2.5
1969-09,63.4,32,87,5
1969-10,52.9,26,79,2.47
1969-11,43.1,18,62,8.55
1969-12,35.7,12,60,9.22
1970-01,22.2,-6,45,1.2
1970-02,31,1,51,5.96
1970-03,34.7,12,56,3.93
1970-04,45.6,20,70,3.13
1970-05,56.5,30,80,2.63
1970-06, M, M, M, M
1970-07,70.1,51,86,3.13
1970-08,70.4,50,88,3.83
1970-09,62.7,40,81,3.85
1970-10,54.3,23,75,3.67
1970-11,48.5,13,64,5.6
1970-12,31.2,12,50,5.16
1971-01,25.9,-2,50,3.99
1971-02,33.6,0,52,2.28
1971-03,36.8,20,58,2.52
1971-04,44.4,25,59,1.14
1971-05,53.4,31,72,4.82
1971-06,65.2,36,89,0.21
1971-07,71.7,44,93,1.45
1971-08,72.4,43,91,6.3
1971-09,67.1,37,86,0.24
1971-10,57,32,79,1.69
1971-11,42,23,70,5.15
1971-12,36.9,11,63,2.33
1972-01, M, M, M, M
1972-02,29.4,4,56,4.1
1972-03,36.1,3,58,4.29
1972-04,41.4,25,65,5.68
1972-05,55,34,73,6.09
1972-06,62.6,45,75,6.6
1972-07,69.3,50,86,2.3
1972-08,68.4,48,87,1.53
1972-09,63.6,44,80,10.37
1972-10,49.8,25,72,3.94
1972-11,42.4,22,65,6.55
1972-12,38.4,13,57,7.58
1973-01,31.5,5,55,1.2
1973-02,30.3,4,52,3.63
1973-03,41.5,24,64,3.25
1973-04,47.8,26,78,7.29
1973-05,54.2,35,76,3.94
1973-06, M, M, M, M
1973-07,72.1,56,90,5.01
1973-08, M, M, M, M
1973-09,64,37,92,2.97
1973-10, M, M, M, M
1973-11, M, M, M, M
1973-12,38.3,13,58,6.47
1974-01,32.3,4,60,3.87
1974-02,29.5,9,53,2.42
1974-03,38.3,15,62,3.3
1974-04,48,28,73,3.06
1974-05,53.7,25,75,4.96
1974-06,63.2,41,89,3.65
1974-07,69.8,51,88,0.65
1974-08,71.2,52,86,1.86
1974-09,63.3,35,81,4.15
1974-10,48.5,25,76,2.56
1974-11,44.3,19,71,1.93
1974-12,36,16,55,3.64
1975-01,35.7,6,56,7.14
1975-02,31.7,6,52,4.15
1975-03,35.3,16,53,2.95
1975-04,41.1,26,58,3.11
1975-05,56.9,37,84,1.17
1975-06, M, M, M, M
1975-07, M, M, M, M
1975-08, M, M, M, M
1975-09, M, M, M, M
1975-10, M, M, M, M
1975-11, M, M, M, M
1975-12,29.5,6,52,4.26
1976-01,27,-6,51,4.93
1976-02,34.8,6,64,2.03
1976-03,39.2,16,60,3.09
1976-04,50,22,84,1.03
1976-05,55.3,34,79,2.35
1976-06,66.7,36,85,1.31
1976-07,70.3,51,85,5.95
1976-08,70.2,45,94,3.03
1976-09,62.1,38,85,2.03
1976-10,50.7,26,72,5.68
1976-11,39.4,20,59,1.81
1976-12,28.9,4,53,3.97
1977-01,21.6,1,48,5.28
1977-02,28.3,2,50,2.19
1977-03,41.3,21,74,5.37
1977-04,46.8,23,78,4.27
1977-05,57,32,86,2.23
1977-06,62.8,47,79,7.68
1977-07,70.5,48,92,1.24
1977-08,71,48,89,4.2
1977-09,62.7,41,84,5.54
1977-10,52.9,28,76,6.45
1977-11,46.5,24,71,1.75
1977-12,32.8,6,54,6.7
1978-01,29.5,8,55,7.44
1978-02,25.3,4,42,1.18
1978-03,34.2,12,57,2.98
1978-04,44.3,28,62,2.4
1978-05,55.4,31,79,5.57
1978-06,64.8,45,87,2.05
1978-07,69.3,50,91,3.42
1978-08,71.5,54,86,6.01
1978-09,60.4,35,81,2.16
1978-10,51.8,30,74,2.74
1978-11,44.2,20,65,4.29
1978-12,35.2,15,60,5.15
1979-01,31.1,7,54,7.62
1979-02,21.8,-5,48,5.5
1979-03,39.3,15,60,2.52
1979-04,45.2,29,69,5.09
1979-05,58.8,37,90,7.51
1979-06,63.5,45,80,1.04
1979-07,72.2,51,90,1.06
1979-08,69.1,50,89,5.41
1979-09,63.2,39,83,2.06
1979-10,52.8,29,78,4.33
1979-11,48.1,28,68,5.41
1979-12,37.4,10,60,2.81
1980-01,30.6,10,52,3.58
1980-02,26.6,7,50,1.13
1980-03,35.3,5,52,5.61
1980-04,47.3,31,64,3.01
1980-05,55.6,37,79,2.12
1980-06, M, M, M, M
1980-07, M, M, M, M
1980-08, M, M, M, M
1980-09, M, M, M, M
1980-10, M, M, M, M
1980-11,40.7,23,61,3.91
1980-12,29.9,-6,56,3.62
1981-01,21,-6,47,2.04
1981-02,33.9,2,61,5.56
1981-03,35.9,18,59,1.05
1981-04,48.6,30,74,3.61
1981-05,55.1,33,79,2.43
1981-06,66.7,51,86,6.66
1981-07,71.5,52,91,2.37
1981-08,69.8,45,86,2.41
1981-09,61.5,37,85,3.47
1981-10,50.5,25,67,4.19
1981-11,43.6,24,64,4.28
1981-12,33.1,12,55,7.29
1982-01,21.5,-4,51,5.09
1982-02,31.7,11,60,1.87
1982-03,36.8,14,55,2.76
1982-04,44.3,16,69,4.01
1982-05,54.9,36,81,2.37
1982-06,61,44,79,5.66
1982-07,71.7,51,89,1.57
1982-08,67.4,45,83,3.03
1982-09,63.3,43,84,4.91
1982-10,52.6,30,76,3.36
1982-11,46.8,20,69,3.11
1982-12,40.2,0,62,2.81
1983-01,30.8,-1,56,2.85
1983-02,32.2,10,51,5.74
1983-03,40,20,58,9.53
1983-04,45.3,30,68,7.81
1983-05,53.8,35,69,3.23
1983-06,65.9,46,92,2.43
1983-07,72.2,55,96,0.9
1983-08,70,52,90,2.91
1983-09,67,41,90,1.51
1983-10,55.8,29,77,5.06
1983-11,45.9,27,66,5.67
1983-12,35.9,3,56,4.76
1984-01,29.1,-2,49,2.98
1984-02,36.3,7,61,5.41
1984-03,32.5,5,50,7.16
1984-04,43.9,28,65,3.64
1984-05,55.8,37,75,2.68
1984-06,65.5,38,91,7.59
1984-07,69.7,53,87,10.02
1984-08,71.4,51,89,0.23
1984-09,61.3,40,82,2.63
1984-10,54.1,29,76,3.1
1984-11,44.7,21,67,0.61
1984-12,39.9,17,63,3.07
1985-01,24.6,5,55,1.42
1985-02,30.6,6,54,1.39
1985-03,38.5,17,72,2.31
1985-04,46.3,27,74,1.28
1985-05,56,30,80,4.57
1985-06,62.7,46,81,4.69
1985-07,70.7,52,89,2.75
1985-08,69.4,45,89,10.16
1985-09,63.6,45,84,1.08
1985-10,55.1,29,76,1.98
1985-11,47.9,28,68,4.82
1985-12,31.2,9,58,1.26
1986-01,31.4,-2,58,4.27
1986-02,30.5,12,48,4.15
1986-03,39.7,7,63,3.69
1986-04,47.5,30,71,3.07
1986-05,55.9,37,86,1.35
1986-06,64.4,46,85,3.45
1986-07,69.1,54,90,6.05
1986-08,68.3,43,85,5.41
1986-09,60.1,36,75,1.52
1986-10,53,29,82,4.88
1986-11,42.2,18,64,6.53
1986-12,36.4,12,57,7.25
1987-01,30.1,5,48,6.97
1987-02,26.8,-1,46,1.75
1987-03,36.8,14,67,3
1987-04,46.1,28,68,7.66
1987-05,54.7,33,87,3.36
1987-06,65.8,45,92,1.02
1987-07,69.1,52,87,0.94
1987-08,68.6,50,92,2.73
1987-09,62.6,43,80,6.92
1987-10,50.3,30,69,1.43
1987-11,42.7,14,66,3.77
1987-12,35.4,3,61,4.06
1988-01,26.5,-3,49,3.28
1988-02,31,8,53,5.51
1988-03,36.5,15,56,2.62
1988-04,44.1,30,64,1.34
1988-05,53.6,31,75,1.87
1988-06,63.7,42,91,1.39
1988-07,70.9,49,90,4.04
1988-08,73.2,47,88,0.77
1988-09,61.9,40,78,1.35
1988-10,48.7,28,72,4.63
1988-11,44.8,23,67,8.7
1988-12,32.5,3,55,0.86
1989-01,32.8,5,51,1.59
1989-02,29.5,5,53,2.46
1989-03,34.7,13,59,2.86
1989-04,42.8,29,59,4.29
1989-05,55.9,41,77,2.54
1989-06,65.3,53,83,3.05
1989-07,68.9,55,85,4.84
1989-08,69.8,51,82,1.69
1989-09,62.9,37,87,2.33
1989-10,53.2,33,78,3.6
1989-11,43.8,13,65,5.55
1989-12,22,4,47,0.59
1990-01,36,16,53,5.27
1990-02,32.8,4,57,2.73
1990-03,38.1,16,78,2.25
1990-04,44.2,25,87,3.75
1990-05,52.4,41,69,5.83
1990-06,64.1,43,84,1.28
1990-07,70.5,52,91,2.71
1990-08,72.4,57,88,0.74
1990-09,62.4,42,82,1.63
1990-10,58.2,29,78,4.03
1990-11,46.4,26,74,1.32
1990-12,39.2,17,57,3.4
1991-01,30.3,-3,52,3.54
1991-02,34.5,11,62,2.24
1991-03,39.6,23,68,5.29
1991-04,47.8,29,71,2.62
1991-05,58.7,35,84,2.28
1991-06,66.4,47,88,2.02
1991-07,70.9,51,95,1.05
1991-08,71.5,53,89,4
1991-09,63.2,37,82,5.35
1991-10,55.1,32,74,4.48
1991-11,44.3,20,62,5.51
1991-12,36.2,13,60,3.85
1992-01,29.2,5,53,2.13
1992-02,30.3,5,48,2.23
1992-03,33.8,7,53,2.99
1992-04,41.6,28,69,2.82
1992-05,53.4,32,85,0.9
1992-06,64.1,47,78,6.18
1992-07,67.8,50,87,3.52
1992-08,67.9,53,82,7.62
1992-09,62.4,41,80,3.38
1992-10,49.3,31,69,2.41
1992-11,43.2,24,60,3.15
1992-12,35.3,11,52,8.28
1993-01,32.3,15,54,1.23
1993-02,25.5,7,47,3.55
1993-03,34.4,13,59,5.08
1993-04,45.8,27,62,4.32
1993-05,56.3,42,80,1.4
1993-06,65.4,44,89,0.95
1993-07,71.4,53,91,1.73
1993-08,70.2,51,88,0.22
1993-09,63.7,41,82,2.65
1993-10,50.4,30,70,4.68
1993-11,44.2,16,70,2.98
1993-12,34.4,4,56,6.41
1994-01,24.5,-3,52,4.89
1994-02,26.9,8,55,2.87
1994-03,37.1,10,62,7.24
1994-04,47.7,29,68,2.12
1994-05,54.7,40,73,3.97
1994-06,66.3,49,89,1.77
1994-07, M, M, M, M
1994-08,69.7,52,96,3.03
1994-09,61.8,47,77,2.27
1994-10,51.6,33,70,0.97
1994-11,48.5,22,69,2.63
1994-12, M, M, M, M
1995-01, M, M, M, M
1995-02,29.2,2,63,1.8
1995-03,38,19,55,2.24
1995-04,44.8,20,63,1.91
1995-05,53,38,75,2.88
1995-06,64.3,46,84,3.52
1995-07,71.8,57,91,2.58
1995-08,69.8,52,87,1.49
1995-09,60.6,44,82,1.84
1995-10,56.7,35,76,3.66
1995-11,42.5,22,66,5.57
1995-12,30.7,14,53,2.39
1996-01,29.9,1,53,3.69
1996-02,28.8,3,54,2.75
1996-03,34.1,11,61,4.37
1996-04,45.6,25,69,5.22
1996-05,55,31,88,1.46
1996-06,64.9,46,85,2.11
1996-07,68.6,51,84,0.97
1996-08,67.2,55,81,3.32
1996-09,62.6,45,82,13.67
1996-10,52.7,36,72,9.39
1996-11,41.3,22,64,1.37
1996-12,40.1,21,56,5.09
1997-01,32.2,2,55,3.05
1997-02, M, M, M, M
1997-03,35.9,19,54,4.99
1997-04,44.4,24,63,5.46
1997-05,52.7,40,66,2.92
1997-06,63.8,40,91,2.14
1997-07,71.1,56,88,3.36
1997-08,67.4,54,89,4.25
1997-09,63.1,42,78,1.48
1997-10,51.3,31,77,1.92
1997-11,42,22,63,5.65
1997-12,36.1,18,56,3.9
1998-01, M, M, M, M
1998-02,36.7,11,51,5.88
1998-03,39.7,12,67,5.34
1998-04,46.6,31,67,4.64
1998-05,56.1,34,82,2.89
1998-06,62.6,46,80,5.66
1998-07, M, M, M, M
1998-08,69.7,52,84,4.59
1998-09, M, M, M, M
1998-10,53.5,34,74,2.4
1998-11,43.4,27,60,1.64
1998-12, M, M, M, M
1999-01, M, M, M, M
1999-02, M, M, M, M
1999-03, M, M, M, M
1999-04, M, M, M, M
1999-05,55.1,34,73,3.74
1999-06,67,51,88, T
1999-07,72.6,50,98,1.13
1999-08,69.2,52,86,5.24
1999-09,64.7,48,78,2.14
1999-10,52.6,35,73,5.78
1999-11,46.4,28,69,1.66
1999-12,37.3,11,56,2.23
2000-01,29.3,0,55,3.38
2000-02,33.6,15,60,2.43
2000-03,41.8,23,64,3.47
2000-04,45.7,30,63,4.95
2000-05,55.9,34,82,2.72
2000-06, M, M, M,1.82
2000-07, M, M, M, M
2000-08, M, M, M,2.86
2000-09,62.5,38,82,1.65
2000-10,53.5,32,76,2.36
2000-11,42.8,18,59,2.24
2000-12,30.5,9,58,2.42
2001-01,31.5,14,53,2.83
2001-02,33.2,13,55,1.28
2001-03,37.1,19,53,5.07
2001-04,46.5,29,72,1.47
2001-05,57,31,87,2.77
2001-06,69,50,88,2.84
2001-07,68.5,53,90,2.27
2001-08,72.3,54,91,4.49
2001-09,63.8,45,79,0.94
2001-10,53.9,29,74,0.98
2001-11,48.6,26,68,0.89
2001-12,40.9,21,66,3.19
2002-01,37,20,58,4.59
2002-02,34.5,14,53,2.5
2002-03,41.6,20,62,5.91
2002-04,48.8,29,87,1.99
2002-05,55.2,38,75,5.04
2002-06,63.2,45,86,2.81
2002-07,72,53,92,0.84
2002-08,72.3,55,93,1.84
2002-09,65.7,47,82,5.72
2002-10,52.2,31,79,2.28
2002-11,44.7,19,64,7.52
2002-12,35,15,56,6.07
2003-01,26.5,0,48,2.85
2003-02,32.3,1,66,6.35
2003-03,42.9,6,66,6.43
2003-04,45.7,29,78,4.37
2003-05,55.7,38,77,2.83
2003-06,63.9,43,86,5.86
2003-07, M, M, M, M
2003-08,73.2,56,85,3.06
2003-09,64.9,45,80,2.32
2003-10,53.2,29,75,4.11
2003-11,47.9,25,69,3.13
2003-12,39.1,14,57,6.81
2004-01,21.8,-8,52,2.02
2004-02,32.8,12,53,2.26
2004-03,38.7,18,59,1.85
2004-04,47.5,30,66,5.37
2004-05,56.9,37,83,2.32
2004-06,63.3,47,82,1.96
2004-07, M, M, M, M
2004-08,69.4,50,82,2.68
2004-09, M, M, M, M
2004-10,52.9,31,68,1.09
2004-11,45.3,27,71,3.85
2004-12, M, M, M, M
2005-01,32.4,3,57,6.74
2005-02,35.8,10,57,1.7
2005-03,37.6,12,56,1.56
2005-04,48.4,31,75,2.34
2005-05,50.8,39,75,8.35
2005-06,64.9,47,84,0.35
2005-07,71.1,55,89,2.22
2005-08,73.4,59,88,0.8
2005-09,67.3,44,84,3.55
2005-10,56.9,32,85,8.5
2005-11,47.9,20,70,3.82
2005-12,33.3,15,57,3.32
2006-01,37.1,10,58,5.17
2006-02,30.9,8,55,1.91
2006-03,36.4,16,61,0.71
2006-04,47.9,32,64,2.11
2006-05, M, M, M, M
2006-06,65.7,51,83,10.27
2006-07,72.4,61,82,2.61
2006-08, M, M, M,3.15
2006-09, M, M, M,2.95
2006-10, M, M, M,1.06
2006-11, M, M, M,5.83
2006-12, M, M, M,0.82
2007-01,22.1,4,39,3.62
2007-02,26.1,9,46,2.09
2007-03,36.3,6,61,5.43
2007-04,43.3,26,74,8.24
2007-05,56.8,34,88,4.53
2007-06,64.2,47,85,1.19
2007-07,70.7,54,87,2.16
2007-08,70.3,51,85,0.76
2007-09,62.3,38,77,2.26
2007-10,55.3,34,77,2.46
2007-11, M, M, M,7.16
2007-12,34.3,17,53,4.09
2008-01,33.9,7,58,3.11
2008-02,33.8,12,54,6.03
2008-03,37.4,20,57,5.09
2008-04,48.3,30,71,4.28
2008-05,54.2,34,72,3.72
2008-06,68.1,52,90,2.98
2008-07,73.5,62,88,4.09
2008-08,69.8,57,83,3.26
2008-09,64.6,43,84,6.87
2008-10,52.4,29,73,2.22
2008-11,43.4,20,65,4.11
2008-12,37.9,16,59,7.53
2009-01,27.3,3,52,4.48
2009-02,32.3,7,56,2.78
2009-03,37.1,13,64,4.64
2009-04,48.8,30,84,6.42
2009-05,56.1,41,80,3.27
2009-06,61.2,43,80,4.75
2009-07,68.7,50,83,6.85
2009-08,73.3,56,88,5.59
2009-09,62.8,44,78,3.86
2009-10,52.9,30,71,8.1
2009-11,50,33,65,2.59
2009-12,35.2,11,64,6.35
2010-01,29.9,7,53,3.27
2010-02,32.5,15,50,4.29
2010-03,43,24,65,7.78
2010-04,50.9,35,79,1.55
2010-05,60.1,35,90,2.25
2010-06,68,50,89,4.24
2010-07,75.6,56,95,3.69
2010-08,71.5,56,89,3.63
2010-09,67.5,49,91,7.38
2010-10,55.8,37,78,5.93
2010-11,44.6,27,61,4.19
2010-12,33.1,15,54,3.48
2011-01,29.8,1,55,3.32
2011-02,31.5,11,53,4.2
2011-03,38.1,15,60,2.15
2011-04,48.3,26,68,6.45
2011-05,56.2,40,84,2.62
2011-06,65.4,50,87,3.62
2011-07,73.3,57,92,4.4
2011-08,71.7,58,87,3.26
2011-09,66.5,47,85,5.33
2011-10,57.8,30,83,5.34
2011-11,49,28,70,3.67
2011-12,39.8,18,58,2.88
2012-01,37.2,11,55,4.78
2012-02,36.4,16,56,2.33
2012-03,43.1,22,71,1.65
2012-04,49.5,27,82,1.43
2012-05,59,40,79,6.18
2012-06,64.8,45,93,1.95
2012-07,73.8,55,94,1.33
2012-08,73,55,86,5.02
2012-09,64.9,44,84,6.47
2012-10,56.4,35,76,3.14
2012-11,44.1,28,65,2.81
2012-12,41.3,20,61,5.84
2013-01,31.7,4,55,1.76
2013-02,32.2,15,53,5.77
2013-03,38,21,56,6.15
2013-04,46.4,27,69,3.63
2013-05,57.2,40,82,4.92
2013-06,67.4,49,89,9.05
2013-07,76.4,62,93,2.4
2013-08,71.1,53,88,1.72
2013-09,63.5,42,83,4.83
2013-10,57.4,33,81,0.68
2013-11,43.3,17,67,4.69
2013-12,36.5,13,60,3.71
2014-01,28.7,-1,55,3.67
2014-02,30.5,10,53,5.77
2014-03,33.3,10,59,3.87
2014-04,45.9,28,66,3.86
2014-05,57.6,40,81,2.09
2014-06,66,48,87,3.08
2014-07,72.4,57,91,5.94
2014-08,68.5,50,82,2.49
2014-09,66,43,85,1.65
2014-10,57,38,75,4.09
2014-11,43,23,66,8.46
2014-12,41.6,18,61,6.55
2015-01,29.3,0,56,5.27
2015-02,22.1,-4,41,3.51
2015-03,31.7,7,53,5.52
2015-04,46.7,24,68,1.44
2015-05,59.7,40,79,0.95
2015-06,63.4,44,82,3.47
2015-07,72.4,55,92,1.8
2015-08,74.1,60,89,2.61
2015-09,68.9,46,88,2.24
2015-10,53.8,33,72,7.09
2015-11,49.5,26,68,4.74
2015-12,46.6,27,65,5.13
2016-01,33.1,15,55,3.75
2016-02,34.6,-9,57,5.53
2016-03,41.9,21,64,4.06
2016-04,46,26,73,4.6
2016-05,56.3,38,80,3.61
2016-06,67.1,53,83,0.54
2016-07,73.9,56,90,3.2
2016-08,74.3,57,91,1
2016-09,67,45,87,2.87
2016-10,55.6,31,74,5.77
2016-11,45.7,27,63,2.44
2016-12,36.9,6,60,2.42
2017-01,35.5,9,53,5.28
2017-02,36.3,10,63,2.4
2017-03,33.8,9,57,2.68
2017-04,49,33,79,6.04
2017-05,54.7,39,83,5.71
2017-06,64.1,43,90,3.26
2017-07,70.4,56,85,4.9
2017-08,69.4,54,83,6.97
2017-09,65.2,49,78,6.34
2017-10,59.6,41,76,8.17
2017-11,45.1,22,67,2.52
2017-12,32.1,5,56,2.59
2018-01,28.5,-1,56,4.78
2018-02,37.8,8,59,7.35
2018-03,36.5,16,61,7.82
2018-04,43.3,26,64,4.01
2018-05,57.4,40,79,2.28
2018-06,62.9,46,82,3.08
2018-07,72.3,55,87,1.1
2018-08,74.1,56,89,4.27
2018-09,66.4,50,86,3.61
2018-10,52.4,31,78,5.76
2018-11,42.9,14,66,9.11
2018-12,36.2,20,57,4.02
2019-01,31.5,4,59,6.46
2019-02,33,5,60,3.08
2019-03,36,13,57,4.91
2019-04,47.9,24,69,5.21
2019-05,53.4,38,75,4.4
2019-06,64.7,49,80,7.21
2019-07,73.6,60,91,4.17
2019-08,71.7,53,84,2.72
2019-09,63.8,45,78,3.47
2019-10,54.5,38,77,6.72
2019-11,42.8,19,66,3.68
2019-12,35.8,14,57,9.86
2020-01,35.1,12,61,1.55
2020-02,36.4,12,54,3.63
2020-03,41,19,60,3.57
2020-04,43.4,29,60,6.83
2020-05,54.5,36,72,2.95
2020-06,65.9,47,81,1.12
2020-07,73.4,58,91,1.31
2020-08,73.2,58,87,1.12
2020-09,65.3,44,84,1.02
2020-10,56,34,73,4.6
2020-11,48.8,22,73,2.9
2020-12,39.4,22,60,7.65
2021-01,33.5,11,52,2.73
2021-02,31.7,15,53,4.17
2021-03,38.5,17,65,2.62
2021-04,47.8,29,69,3.86
2021-05,56.9,41,82,4.95
2021-06,67.8,51,87,1.72
2021-07,71,56,87,1.73
2021-08,73.6,57,89,1.7
2021-09,67.9,52,85,10.99
2021-10,58.5,43,75,8.56
2021-11,45.8,26,65,2.69
2021-12,40.3,25,61,1.95
2022-01,30.7,3,51,4.03
2022-02,33.5,8,60,6.08
2022-03,40,18,64,3.87
2022-04,48.2,28,69,3.05
2022-05,57,41,79,2.75
2022-06,65.6,51,83,4.26
2022-07,74.8,58,90,0.33
2022-08,74.2,57,88,0.86
2022-09,66.5,46,84,3.66
2022-10,57.3,38,72,6.98
2022-11,51.3,25,77,4.02
2022-12,40.8,14,66,4.3
2023-01,44.8,29,63,10.74
2023-02,40.4,-8,67,2.55
2023-03,44.6,32,62,3.87
2023-04,53.6,31,91,3.69
2023-05,61.4,45,84,2.65
2023-06,67.2,49,81,6.37
2023-07,78.2,64,89,2.18
2023-08,74.9,64,86,11.39
2023-09,75.7,58,93,6.18
2023-10, M, M, M,3.09
2023-11, M, M, M,1.49
2023-12, M, M, M,4.84
2024-01, M, M, M,7.03
2024-02, M, M, M,0.68
2024-03, M, M, M,6.53
2024-04,51.2,32,69,3.54
2024-05,56.6,38,80,6.24
2024-06,67.8,48,86,2.01
2024-07,74.3,56,89,3.14
2024-08,70.8,52,88,1.46
2024-09,64,50,78,5.53
2024-10,54.9,31,75,1.96
2024-11,46.5,29,78,2.64
2024-12,34.8,12,57,5.7
2025-01,28,11,49,1.83
2025-02,29.3,10,49,3.27
2025-03, M, M, M, M
2025-04, M, M, M, M
2025-05, M, M, M, M
2025-06, M, M, M, M
2025-07, M, M, M, M
2025-08, M, M, M, M
2025-09, M, M, M, M
2025-10, M, M, M, M
2025-11, M, M, M, M
2025-12, M, M, M, M